<annotation>
	<folder>Camera Roll</folder>
	<filename>WIN_20241104_00_29_52_Pro.jpg</filename>
	<path>C:\Users\jasle\OneDrive\Pictures\Camera Roll\WIN_20241104_00_29_52_Pro.jpg</path>
	<source>
		<database>Unknown</database>
	</source>
	<size>
		<width>1280</width>
		<height>720</height>
		<depth>3</depth>
	</size>
	<segmented>0</segmented>
	<object>
		<name>i love u</name>
		<pose>Unspecified</pose>
		<truncated>0</truncated>
		<difficult>0</difficult>
		<bndbox>
			<xmin>220</xmin>
			<ymin>304</ymin>
			<xmax>541</xmax>
			<ymax>640</ymax>
		</bndbox>
	</object>
</annotation>
